Link,Image,Title,Price,Rating,Sold,Hint
https://www.aliexpress.com/item/1005007551187201.html?pdp_ext_f=%7B%22sku_id%22%3A%2212000041259555924%22%7D&utparam-url=scene%3Asearch%7Cquery_from%3Acategory_navigate_newTab2,https://ae-pic-a1.aliexpress-media.com/kf/S951b1062b97a43bdbaaf5236cb725512J.jpg_480x480q75.jpg_.avif,Mobile phone Lcd touch screen link 10 for wholesale customers to buy different brand and different models,"TZS1,152,641.88",5,16 sold,N/A
https://www.aliexpress.com/item/1005005557642201.html?pdp_ext_f=%7B%22sku_id%22%3A%2212000033533813394%22%7D&utparam-url=scene%3Asearch%7Cquery_from%3Acategory_navigate_newTab2,https://ae-pic-a1.aliexpress-media.com/kf/S1b199b9ac2b84869bdcced6395da91368.jpg_480x480q75.jpg_.avif,"5.9"" SUPER AMOLED For Samsung A40 2019 A405F A405FN A405FM LCD display touch Screen Digitizer Assembly Replacement repair parts","TZS92,087.18",5,16 sold,N/A
https://www.aliexpress.com/item/1005006603164688.html?pdp_ext_f=%7B%22sku_id%22%3A%2212000038073309956%22%7D&utparam-url=scene%3Asearch%7Cquery_from%3Acategory_navigate_newTab2,https://ae-pic-a1.aliexpress-media.com/kf/S58a735ce37024c579e9ebb72795de9d64.jpg_480x480q75.jpg_.avif,Baofeng UV 5RH 10W Air Band Walkie Talkie Long Range Wirless Copy Frequency Two Way Ham Radio Type-C Baofeng UV 5R Transceiver,"TZS99,849.99",4.7,"5,000+ sold","New shoppers save TZS189,658.31"
https://www.aliexpress.com/item/1005003171697751.html?pdp_ext_f=%7B%22sku_id%22%3A%2212000024482052457%22%7D&utparam-url=scene%3Asearch%7Cquery_from%3Acategory_navigate_newTab2,https://ae-pic-a1.aliexpress-media.com/kf/A1864fd69e0a1417fa383f82d1248e0b6n.jpg_480x480q75.jpg_.avif,New For Xiaomi Redmi 9 Battery Cover Panel M2004J19G M2004J19C Rear Door Housing Case For Redmi 9A Back Cover With Adhesive,"TZS4,848.25",4.7,19 sold,"New shoppers save TZS7,834.06"
https://www.aliexpress.com/item/1005007651887971.html?pdp_ext_f=%7B%22sku_id%22%3A%2212000042851730664%22%7D&utparam-url=scene%3Asearch%7Cquery_from%3Acategory_navigate_newTab2,https://ae-pic-a1.aliexpress-media.com/kf/S66a6debfa7544bf58cbe6751f672beb2Y.jpg_480x480q75.jpg_.avif,Best New A+++ Glass Battery Back Cover For Xiaomi 14 Rear Case Door Housing Phone Lid + Camera Frame lens with Adhesive Chassis,"TZS53,182.94",3.8,27 sold,N/A
https://www.aliexpress.com/item/1005007370988536.html?pdp_ext_f=%7B%22sku_id%22%3A%2212000040466632021%22%7D&utparam-url=scene%3Asearch%7Cquery_from%3Acategory_navigate_newTab2,https://ae-pic-a1.aliexpress-media.com/kf/Sf4290e6bd6bb4032bc86f9a334a92ccc6.jpg_480x480q75.jpg_.avif,Rear Back Camera For Xiaomi Mi 11 Ultra Pro 11i Mi11 Mi11i Mi11Pro Mi11Ultra Camera Module Backside View Replacement Spare Parts,"TZS10,232.84",4.8,99 sold,"Save TZS11,085.58"
https://www.aliexpress.com/item/1005006011976758.html?pdp_ext_f=%7B%22sku_id%22%3A%2212000037201334274%22%7D&utparam-url=scene%3Asearch%7Cquery_from%3Acategory_navigate_newTab2,N/A,2 core OM3 TPU Armored fiber patch cord 1-50m SC LC FC ST 5mm Multimode 20m 5m10m 30m 40m 2 fibers optical fibre jumper outdoor,"TZS81,592.5",N/A,3 sold,"Save TZS36,657.5"
https://www.aliexpress.com/item/1005005304236252.html?pdp_ext_f=%7B%22sku_id%22%3A%2212000032561044263%22%7D&utparam-url=scene%3Asearch%7Cquery_from%3Acategory_navigate_newTab2,N/A,For Huawei P30 Pro P30Pro Front Rear View Back Camera Frontal Main Facing Small Camera Module Flex Replacement Parts,"TZS18,594",4.3,98 sold,"New shoppers save TZS9,283.94"
https://www.aliexpress.com/item/1005006473088847.html?pdp_ext_f=%7B%22sku_id%22%3A%2212000037323558541%22%7D&utparam-url=scene%3Asearch%7Cquery_from%3Acategory_navigate_newTab2,N/A,3/4PCS Baofeng UV 5R Walkie Talkie 5W/8W Portable Ham CB Radio Dual Band VHF UHF FM Transceiver Two Way Radio UV82 UV9R Plus,"TZS182,755.37",5,19 sold,N/A
https://www.aliexpress.com/item/1005006642207818.html?pdp_ext_f=%7B%22sku_id%22%3A%2212000046049027214%22%7D&utparam-url=scene%3Asearch%7Cquery_from%3Acategory_navigate_newTab2,N/A,For Samsung Galaxy Z Flip 4 F721B F721U F721N Unlocked Motherboard Full Chips Testing Good 5G Logic Board Flip4 128GB 256GB,"TZS135,928.38",N/A,6 sold,"New shoppers save TZS29,621.62"
https://www.aliexpress.com/item/1005002253003332.html?pdp_ext_f=%7B%22sku_id%22%3A%2212000019663115101%22%7D&utparam-url=scene%3Asearch%7Cquery_from%3Acategory_navigate_newTab2,N/A,A1567 Motherboard For ipad 6 Air 2 mainboard Logic board Free iCloud withe touch id Wifi cellular 16GB 32GB 64GB 128GB with iOS,"TZS70,950",N/A,7 sold,N/A
https://www.aliexpress.com/item/1005006741603407.html?pdp_ext_f=%7B%22sku_id%22%3A%2212000038154919012%22%7D&utparam-url=scene%3Asearch%7Cquery_from%3Acategory_navigate_newTab2,N/A,New PL332728V Battery For Huami Amazfit Stratos 2 A1609 A1619 Smart Watch Replacement Battery + Free Tools,"TZS21,972.15",N/A,3 sold,"New shoppers save TZS9,718.51"
https://www.aliexpress.com/item/1005007188257690.html?pdp_ext_f=%7B%22sku_id%22%3A%2212000039743301455%22%7D&utparam-url=scene%3Asearch%7Cquery_from%3Acategory_navigate_newTab2,N/A,BY-3200S BY3200S Power Boot Control Line For Macbook Type-C Phone Pad Fast Charging Cable Supporting Single Board System,"TZS181,333.7",4.9,52 sold,Extra 3% off with coins
https://www.aliexpress.com/item/1005003937436893.html?pdp_ext_f=%7B%22sku_id%22%3A%2212000041406747514%22%7D&utparam-url=scene%3Asearch%7Cquery_from%3Acategory_navigate_newTab2,N/A,SIM Card Tray For Xiaomi Redmi Note 5 Pro Note 5A Sim Card Tray Slot Holder Replacement Parts,"TZS5,262.12",5,6 sold,Extra 2% off with coins
https://www.aliexpress.com/item/1005006786465395.html?pdp_ext_f=%7B%22sku_id%22%3A%2212000038298826240%22%7D&utparam-url=scene%3Asearch%7Cquery_from%3Acategory_navigate_newTab2,N/A,SX1262 33dBm LoRa Spread Spectrum Wireless Module 868/915MHz High-Precision TCXO16KM CDEBYTE E22-900M33S SPI SMD IPEX/Stamp Hole,"TZS30,833.69",4.8,66 sold,"New shoppers save TZS9,046.12"
https://www.aliexpress.com/item/1005005617493502.html?pdp_ext_f=%7B%22sku_id%22%3A%2212000033763665150%22%7D&utparam-url=scene%3Asearch%7Cquery_from%3Acategory_navigate_newTab2,N/A,Original USB Plug Charge Board +MIC For Blackview A60 MT6580A Quad Core 6.1 inch HD Free shipping,"TZS26,872.32",N/A,2 sold,N/A
https://www.aliexpress.com/item/1005004583688896.html?pdp_ext_f=%7B%22sku_id%22%3A%2212000029715912975%22%7D&utparam-url=scene%3Asearch%7Cquery_from%3Acategory_navigate_newTab2,N/A,Nb-iot Soft Antenna 915/900/840/868/902-928mhz UAV meter reading module Omnidirectional high-gain flexible antenna SMA soft whip,"TZS8,218.38",4.8,318 sold,"New shoppers save TZS5,084.74"
https://www.aliexpress.com/item/1005005307513729.html?pdp_ext_f=%7B%22sku_id%22%3A%2212000032571963749%22%7D&utparam-url=scene%3Asearch%7Cquery_from%3Acategory_navigate_newTab2,N/A,M10 Grounding plate adapter for PAC-12 antenna,"TZS51,379.62",4.1,45 sold,"New shoppers save TZS4,257"
https://www.aliexpress.com/item/1005003389844264.html?pdp_ext_f=%7B%22sku_id%22%3A%2212000025555906979%22%7D&utparam-url=scene%3Asearch%7Cquery_from%3Acategory_navigate_newTab2,N/A,1Pcs Sim Tray For Samsung Galaxy S20 FE S20fe Dual Sim Card Slot Holder Reader Socket Replacement Parts,"TZS2,926.69",5,14 sold,N/A
https://www.aliexpress.com/item/1005001666622565.html?pdp_ext_f=%7B%22sku_id%22%3A%2212000017044974925%22%7D&utparam-url=scene%3Asearch%7Cquery_from%3Acategory_navigate_newTab2,N/A,"Fiber Optic Fast Connector, Fiber Optic Cold Connector, Customized, SC, UPC, FTTH, NPFG, 8802-TLC, 3M, 100Pcs","TZS149,970.57",5,29 sold,N/A
https://www.aliexpress.com/item/1005006473182851.html?pdp_ext_f=%7B%22sku_id%22%3A%2212000037323853377%22%7D&utparam-url=scene%3Asearch%7Cquery_from%3Acategory_navigate_newTab2,N/A,Battery EB-BR880ABY For Galaxy Watch 4 40mm/42mm R860 R860 R865U EB-BR890ABY For Galaxy Watch 4 44mm/46mm R870 SM-R875U + Tools,"TZS18,167.62",4.6,500+ sold,"New shoppers save TZS9,505.33"
https://www.aliexpress.com/item/1005005964067986.html?pdp_ext_f=%7B%22sku_id%22%3A%2212000035077528313%22%7D&utparam-url=scene%3Asearch%7Cquery_from%3Acategory_navigate_newTab2,N/A,RL-601L/Mini 601F Double-slot Three-axis Motherboard Fixture for Multi-functional Clamping Support Mainboard Soldering Repair,"TZS51,734.38",5,10 sold,N/A
https://www.aliexpress.com/item/1005005654111018.html?pdp_ext_f=%7B%22sku_id%22%3A%2212000033899702343%22%7D&utparam-url=scene%3Asearch%7Cquery_from%3Acategory_navigate_newTab2,N/A,"10G SFP+ Fiber Module Transceiver BIDI 10KM,20km,40km,60km,70KM,80KM,100KM LC WDM 1270/R1330nm Cisco Mikrotik Use 2pc","TZS52,000.44",5,100 sold,"New shoppers save TZS7,420.18"
https://www.aliexpress.com/item/1005004442290374.html?pdp_ext_f=%7B%22sku_id%22%3A%2212000029194328507%22%7D&utparam-url=scene%3Asearch%7Cquery_from%3Acategory_navigate_newTab2,N/A,868MHz 915MHz SX1268 Lora Wireless Data Transmission Station CDSENET E95-DTU(900SL22-485) RS485 22dbm 5KM Modbus Relay Network,"TZS47,536.51",3.7,39 sold,"New shoppers save TZS14,515.18"
https://www.aliexpress.com/item/1005003901592011.html?pdp_ext_f=%7B%22sku_id%22%3A%2212000040583752010%22%7D&utparam-url=scene%3Asearch%7Cquery_from%3Acategory_navigate_newTab2,N/A,Original For HUAWEI Mate 20 Pro Motherboard 128GB 100% Unlocked Logic Board For HUAWEI Mate 20 Pro Mainboard WIth Full Chips,"TZS90,165.63",4.5,63 sold,"New shoppers save TZS1,478.12"
https://www.aliexpress.com/item/1005007638882363.html?pdp_ext_f=%7B%22sku_id%22%3A%2212000041602010840%22%7D&utparam-url=scene%3Asearch%7Cquery_from%3Acategory_navigate_newTab2,N/A,For Google Pixel 7 Pro Power Button and Volume Button Control Button Side Keys Spare Parts,"TZS7,213.26",N/A,17 sold,"New shoppers save TZS3,133.62"
https://www.aliexpress.com/item/1005005596575188.html?pdp_ext_f=%7B%22sku_id%22%3A%2212000033693124736%22%7D&utparam-url=scene%3Asearch%7Cquery_from%3Acategory_navigate_newTab2,N/A,Mbga-B18 CPU BGA Reballing Stencil Template Station For SDM845 SM8150 RAM556 BGA-556 Positioning Plate Plant tin net Steel mesh,"TZS11,825",5,4 sold,N/A
https://www.aliexpress.com/item/1005006267532642.html?pdp_ext_f=%7B%22sku_id%22%3A%2212000047567658798%22%7D&utparam-url=scene%3Asearch%7Cquery_from%3Acategory_navigate_newTab2,N/A,"10PCS Rear Back Glass For iPhone 15 Pro Max ,Pre-Installed Plate and Camera Frame Battery Housing for 15 Pro Replacement Part","TZS202,325.75",N/A,4 sold,N/A
https://www.aliexpress.com/item/1005007210890810.html?pdp_ext_f=%7B%22sku_id%22%3A%2212000039820753492%22%7D&utparam-url=scene%3Asearch%7Cquery_from%3Acategory_navigate_newTab2,N/A,Camera Set for Samsung Galaxy S23 Ultra SM-S918/SM-S918B (Telephoto + Periscope + Wide + Main Camera),"TZS147,221.26",4,19 sold,"New shoppers save TZS56,493.93"
https://www.aliexpress.com/item/1005006782001625.html?pdp_ext_f=%7B%22sku_id%22%3A%2212000038279652659%22%7D&utparam-url=scene%3Asearch%7Cquery_from%3Acategory_navigate_newTab2,N/A,Helium Hotspot 868MHz 915MHz LORA LPWAN Antenna Omni High Gain Copper Rod Strong Magnetic Base 800-960mhz Aerial SMA Male,"TZS38,697.32",4.6,71 sold,"New shoppers save TZS8,011.43"
